,date,stocks,ratio,tradevolume,agencyvolume,foreignvolume,foreignratio
0,2018-02-08,126500,0.0,1044087,-4326,-220179,25.12
1,2018-02-09,118000,-6.72,2074927,-276018,-379078,24.44
2,2018-02-12,118000,0.0,817489,-8443,-13390,24.3
3,2018-02-13,119000,0.85,721603,25153,-80614,24.14
4,2018-02-14,122500,2.94,858572,51841,-24547,24.18
5,2018-02-19,124000,1.22,419351,14504,-31893,23.99
6,2018-02-20,123000,-0.81,288935,-24457,3348,23.64
7,2018-02-21,124500,1.22,396493,22819,-1521,23.6
8,2018-02-22,123500,-0.8,306321,4320,-31848,23.71
9,2018-02-23,123500,0.0,383787,14867,-19769,23.65
10,2018-02-26,123000,-0.4,303789,21666,3187,23.74
11,2018-02-27,131000,6.5,1272000,196160,145228,23.9
12,2018-02-28,128000,-2.29,857397,33950,-141461,23.7
13,2018-03-02,127500,-0.39,474394,-7970,4319,23.7
14,2018-03-05,123000,-3.53,417227,10480,-40492,23.64
15,2018-03-06,132500,7.72,1167882,39230,157162,23.75
16,2018-03-07,129500,-2.26,596902,34959,-34129,23.68
17,2018-03-08,132000,1.93,499256,48255,23718,23.66
18,2018-03-09,134000,1.52,753680,84201,28522,23.69
19,2018-03-12,135000,0.75,384411,60088,37132,23.73
20,2018-03-13,140500,4.07,1320091,322833,153173,24.01
21,2018-03-14,137000,-2.49,703764,14125,5224,23.97
22,2018-03-15,141500,3.28,950867,66644,242581,24.29
23,2018-03-16,141000,-0.35,1024727,-36487,170006,24.46
24,2018-03-19,137500,-2.48,610095,25695,71463,24.66
25,2018-03-20,139000,1.09,556447,-5757,133434,24.82
26,2018-03-21,138000,-0.72,416757,-57301,62310,24.88
27,2018-03-22,138000,0.0,567619,-59172,109557,24.98
28,2018-03-23,130500,-5.43,1233587,-280151,123335,25.13
29,2018-03-26,131000,0.38,962796,-44518,9431,25.18
30,2018-03-27,131500,0.38,451505,-41882,11389,25.15
31,2018-03-28,129000,-1.9,462777,-92247,33424,25.26
32,2018-03-29,129500,0.39,437532,-76219,41465,25.35
33,2018-03-30,132000,1.93,447866,14092,66819,25.39
34,2018-04-02,129000,-2.27,454496,-76489,8897,25.44
35,2018-04-03,128500,-0.39,483608,-173008,13816,25.37
36,2018-04-04,123500,-3.89,730140,-209084,-89202,25.3
37,2018-04-05,124500,0.81,299168,-62960,28596,25.35
38,2018-04-06,122500,-1.61,376868,-28353,-21995,25.33
39,2018-04-09,121500,-0.82,547412,-60427,2722,25.33
40,2018-04-10,122500,0.82,322551,14562,-32842,25.28
41,2018-04-11,121500,-0.82,379388,-236,-97555,25.14
42,2018-04-12,120000,-1.23,367434,-111151,11774,25.15
43,2018-04-13,120500,0.42,368169,-62916,-31248,25.11
44,2018-04-16,117000,-2.9,815062,-173414,-163056,24.9
45,2018-04-17,118000,0.85,399502,-24006,-48239,24.89
46,2018-04-18,119500,1.27,495833,-40591,-51738,24.82
47,2018-04-19,116500,-2.51,648909,-129464,-107088,24.69
48,2018-04-20,115000,-1.29,650463,-60382,-16066,24.58
49,2018-04-23,111000,-3.48,669590,11741,-92864,24.45
50,2018-04-24,115000,3.6,473979,30025,36314,24.52
51,2018-04-25,115500,0.43,607008,14524,-58345,24.05
52,2018-04-26,114000,-1.3,366727,-50800,-33555,23.98
53,2018-04-27,113500,-0.44,402728,-36553,-4530,23.98
54,2018-04-30,111000,-2.2,618640,-162293,34021,24.03
55,2018-05-02,114500,3.15,526839,35093,79849,24.2
56,2018-05-03,113500,-0.87,350536,31153,-68214,24.11
57,2018-05-04,112000,-1.32,251346,-21119,14478,24.13
58,2018-05-08,112000,0.0,331690,46815,-14332,24.15
59,2018-05-09,113000,0.89,332320,42221,-15146,24.12
60,2018-05-10,117000,3.54,840339,113398,57246,24.27
61,2018-05-11,117000,0.0,367532,21931,-62161,24.24
62,2018-05-14,113000,-3.42,657566,-71613,-80264,24.15
63,2018-05-15,114500,1.33,320939,87021,1436,24.18
64,2018-05-16,117000,2.18,466027,130788,-3508,24.16
65,2018-05-17,116500,-0.43,338096,121294,-73865,24.07
66,2018-05-18,113500,-2.58,819348,-234539,-68570,23.86
67,2018-05-21,113500,0.0,176761,-3359,18368,23.54
68,2018-05-23,112500,-0.88,285620,-62375,-13648,23.54
69,2018-05-24,113000,0.44,208135,16883,-10119,23.55
70,2018-05-25,112000,-0.88,257170,-14557,-220,23.57
71,2018-05-28,108000,-3.57,679442,-76823,-58038,23.85
72,2018-05-29,108000,0.0,318837,-28057,31982,23.86
73,2018-05-30,104000,-3.7,600575,-6468,-19430,23.83
74,2018-05-31,103500,-0.48,470392,-47285,50771,23.88
75,2018-06-01,104500,0.97,452021,-17020,54825,23.96
76,2018-06-04,108000,3.35,432581,-51381,77023,24.06
77,2018-06-05,111500,3.24,477854,69888,76613,24.2
78,2018-06-07,111500,0.0,355080,3387,22052,24.16
79,2018-06-08,113000,1.35,393243,6568,86168,24.31
80,2018-06-11,114000,0.88,251178,4500,27135,24.35
81,2018-06-12,114000,0.0,180468,24500,37258,24.39
82,2018-06-14,112000,-1.75,250011,-8374,18640,24.4
83,2018-06-15,109500,-2.23,336430,-10463,-15078,24.36
84,2018-06-18,107500,-1.83,405910,7172,31518,24.4
85,2018-06-19,106500,-0.93,250870,-10614,34325,24.44
86,2018-06-20,108000,1.41,290289,-28193,46505,24.48
87,2018-06-21,107000,-0.93,172840,4112,3479,24.48
88,2018-06-22,114000,6.54,651617,12871,86531,24.6
89,2018-06-25,114000,0.0,345973,-6377,7082,24.6
90,2018-06-26,112000,-1.75,250298,27493,-55265,24.48
91,2018-06-27,111000,-0.89,311174,15723,-48775,24.53
92,2018-06-28,111500,0.45,221308,26055,-5210,24.46
93,2018-06-29,114500,2.69,579530,165676,-56664,24.44
94,2018-07-02,111500,-2.62,415693,75326,-49471,24.36
95,2018-07-03,114000,2.24,314988,82779,-8831,24.43
96,2018-07-04,117000,2.63,846154,102046,1127,24.45
97,2018-07-05,116500,-0.43,348243,-11066,-14100,24.48
98,2018-07-06,114500,-1.72,383082,34988,-62084,24.39
99,2018-07-09,117500,2.62,394098,30234,89783,24.56
100,2018-07-10,117000,-0.43,222321,38397,-26867,24.53
101,2018-07-11,116500,-0.43,250313,4623,-21174,24.51
102,2018-07-12,117500,0.86,444272,66627,-25038,24.49
103,2018-07-13,118000,0.43,302155,-6532,32115,24.6
104,2018-07-16,116500,-1.27,236711,-33186,22353,24.7
105,2018-07-17,114000,-2.15,372754,-14384,15561,24.69
106,2018-07-18,113000,-0.88,351263,-15125,13660,24.71
107,2018-07-19,114000,0.88,267375,46781,29197,24.75
108,2018-07-20,115000,0.88,184967,36800,6457,24.78
109,2018-07-23,115500,0.43,346894,34065,43679,24.8
110,2018-07-24,117000,1.3,502533,41269,67939,24.88
111,2018-07-25,118000,0.85,310394,40713,39328,24.93
112,2018-07-26,117500,-0.42,262125,37172,2000,24.95
113,2018-07-27,119500,1.7,568921,28854,58129,24.93
114,2018-07-30,116500,-2.51,308410,-13734,-31222,24.83
115,2018-07-31,112500,-3.43,654749,-70958,-11308,24.81
116,2018-08-01,112500,0.0,276459,-42943,4084,24.8
117,2018-08-02,111000,-1.33,311779,-27250,-17886,24.79
118,2018-08-03,113000,1.8,169521,-6462,26766,24.73
119,2018-08-06,113500,0.44,189971,17136,15476,24.75
120,2018-08-07,120000,5.73,742353,57785,-59047,24.69
121,2018-08-08,119000,-0.83,1216684,105446,-15822,24.65
122,2018-08-09,125500,5.46,1622449,325660,199748,24.93
123,2018-08-10,128000,1.99,1269641,419755,36761,24.99
124,2018-08-13,124000,-3.12,636617,25179,-4321,24.93
125,2018-08-14,127500,2.82,518080,117535,-16977,24.91
126,2018-08-16,127500,0.0,478674,107192,-28291,24.85
127,2018-08-17,127000,-0.39,327327,65833,-7821,24.84
128,2018-08-20,124500,-1.97,328660,-5352,-9453,24.91
129,2018-08-21,124000,-0.4,353528,-60238,70068,25.01
130,2018-08-22,124500,0.4,333939,-7972,13689,25.03
131,2018-08-23,125500,0.8,292057,-11543,33496,25.07
132,2018-08-24,124000,-1.2,283256,-6018,38614,25.13
133,2018-08-27,128000,3.23,588666,69938,76302,25.19
134,2018-08-28,125500,-1.95,480764,-33685,-56704,25.19
135,2018-08-29,126500,0.8,750163,-104007,171599,25.53
136,2018-08-30,126500,0.0,313774,12132,-6254,25.42
137,2018-08-31,125000,-1.19,431909,-15839,-18877,25.37
138,2018-09-03,121500,-2.8,460200,-85574,-16719,25.36
139,2018-09-04,122000,0.41,268355,-78887,33124,25.41
140,2018-09-05,121000,-0.82,215419,-53534,39286,25.43
141,2018-09-06,120000,-0.83,299195,-49285,-7100,25.43
142,2018-09-07,120000,0.0,206174,5848,-15031,25.41
143,2018-09-10,119000,-0.83,216152,-20069,-20958,25.38
144,2018-09-11,116500,-2.1,424870,-92019,6528,25.35
145,2018-09-12,120000,3.0,344739,76318,-29821,25.31
146,2018-09-13,121000,0.83,407528,-22901,27704,25.37
147,2018-09-14,120000,-0.83,287642,-5812,6042,25.33
148,2018-09-17,121500,1.25,359811,51919,-111934,24.42
149,2018-09-18,120500,-0.82,384132,47800,-27586,24.4
150,2018-09-19,117000,-2.9,664304,-79716,-120345,24.35
151,2018-09-20,117500,0.43,308838,-11552,30594,24.39
152,2018-09-21,118500,0.85,667099,18969,24752,24.47
153,2018-09-27,120500,1.69,275536,17337,57228,24.51
154,2018-09-28,119000,-1.24,229927,35062,-53,24.52
155,2018-10-01,119500,0.42,368677,20256,3787,24.59
156,2018-10-02,115500,-3.35,615909,-75660,-101719,24.48
157,2018-10-04,112000,-3.03,603136,-77445,-19399,24.5
158,2018-10-05,109000,-2.68,479642,-46262,-32272,24.44
159,2018-10-08,107500,-1.38,187871,12371,-20623,24.35
160,2018-10-10,104000,-3.26,516278,-55470,21701,24.26
161,2018-10-11,98500,-5.29,957608,27993,-43910,24.22
162,2018-10-12,101000,2.54,537122,-899,57153,24.44
163,2018-10-15,99300,-1.68,219792,-33877,-5772,24.33
164,2018-10-16,100500,1.21,183949,-23331,-1019,24.35
165,2018-10-17,100500,0.0,302780,42238,-22580,24.33
166,2018-10-18,100500,0.0,173176,19305,-3854,24.36
167,2018-10-19,101000,0.5,268396,40510,-11140,24.35
168,2018-10-22,102500,1.49,208316,12937,-5125,24.35
169,2018-10-23,100500,-1.95,194001,14642,3831,24.34
170,2018-10-24,99200,-1.29,312593,31501,-7197,24.33
171,2018-10-25,94200,-5.04,1024715,-166383,73845,24.42
172,2018-10-26,90900,-3.5,653419,-101572,79227,24.51
173,2018-10-29,87600,-3.63,599252,5510,77321,24.6
174,2018-10-30,90500,3.31,521229,70168,8671,24.7
175,2018-10-31,91600,1.22,336787,-37500,46440,24.72
176,2018-11-01,93100,1.64,372853,-19724,49103,24.72
177,2018-11-02,98200,5.48,409600,19871,87083,24.8
178,2018-11-05,95500,-2.75,339846,-59009,-38933,24.76
179,2018-11-06,96600,1.15,195992,18373,5865,24.76
180,2018-11-07,95600,-1.04,269320,31153,-42837,24.7
181,2018-11-08,100000,4.6,644793,92829,12197,24.72
182,2018-11-09,100500,0.5,292309,88722,-41901,24.61
183,2018-11-12,101000,0.5,201208,21312,12991,24.63
184,2018-11-13,101500,0.5,278476,38054,-3511,24.64
185,2018-11-14,103000,1.48,281601,13670,21041,24.49
186,2018-11-15,104000,0.97,170612,39167,4304,24.58
187,2018-11-16,102500,-1.44,206149,-18401,2324,24.37
188,2018-11-19,107000,4.39,346393,123713,-248,24.4
189,2018-11-20,107000,0.0,234825,46109,-19669,24.36
190,2018-11-21,107500,0.47,206018,67078,-24906,24.3
191,2018-11-22,106500,-0.93,143409,33336,-11779,24.29
192,2018-11-23,108000,1.41,242633,13733,45548,24.34
193,2018-11-26,112500,4.17,460406,155247,42108,24.41
194,2018-11-27,110500,-1.78,270808,-56172,28198,24.44
195,2018-11-28,112000,1.36,185906,40053,1945,24.67
196,2018-11-29,112000,0.0,263008,2555,64719,24.74
197,2018-11-30,112500,0.45,346553,1468,47481,24.83
198,2018-12-03,113500,0.89,262030,17006,38625,24.84
199,2018-12-04,113500,0.0,264857,13795,32467,24.78
200,2018-12-05,114500,0.88,222316,41632,47047,24.89
201,2018-12-06,116000,1.31,396531,143615,-695,24.88
202,2018-12-07,114500,-1.29,354995,-39076,47736,24.9
203,2018-12-10,111000,-3.06,331087,-12186,49383,24.91
204,2018-12-11,107000,-3.6,461496,1583,10306,24.91
205,2018-12-12,110000,2.8,393740,5021,34964,24.97
206,2018-12-13,111500,1.36,494887,-36181,135901,25.07
207,2018-12-14,110000,-1.35,196803,-5809,28536,25.08
208,2018-12-17,110500,0.45,173155,34775,13765,25.09
209,2018-12-18,108500,-1.81,188963,-13005,-5505,25.07
210,2018-12-19,108000,-0.46,218497,-3884,4868,25.06
211,2018-12-20,103000,-4.63,579446,-124947,12941,25.06
212,2018-12-21,104500,1.46,429650,50753,-7304,24.79
213,2018-12-24,101000,-3.35,320266,-36695,7994,24.86
214,2018-12-26,98500,-2.48,492532,19498,-17817,24.79
215,2018-12-27,101500,3.05,217247,32873,13474,24.75
216,2018-12-28,103000,1.48,190847,16499,4,24.72
217,2019-01-02,102000,-0.97,173462,5192,-38420,24.73
218,2019-01-03,102500,0.49,293989,60944,-56954,25.07
219,2019-01-04,103500,0.98,251728,50222,-72282,25.17
220,2019-01-07,103000,-0.48,378153,-69318,-43872,25.12
221,2019-01-08,99900,-3.01,450462,-88485,-66776,25.03
222,2019-01-09,102000,2.1,357096,-7045,8141,24.99
223,2019-01-10,101000,-0.98,291573,-42843,49630,25.05
224,2019-01-11,102000,0.99,180561,20528,-11120,25.01
225,2019-01-14,100000,-1.96,243305,-16484,-76166,24.92
226,2019-01-15,99900,-0.1,381581,39957,-111738,24.7
227,2019-01-16,100000,0.1,217209,-6021,-46822,24.67
228,2019-01-17,98500,-1.5,434803,-70989,-74833,24.7
229,2019-01-18,99600,1.12,291588,61288,-78290,24.65
230,2019-01-21,98800,-0.8,252620,594,-56999,24.56
231,2019-01-22,102000,3.24,448490,69762,50845,24.62
232,2019-01-23,102500,0.49,360462,155454,-118945,24.41
233,2019-01-24,102000,-0.49,282408,7415,-89970,24.29
234,2019-01-25,102500,0.49,355017,33026,-24082,24.27
235,2019-01-28,102000,-0.49,275296,-2969,11366,24.29
236,2019-01-29,102000,0.0,225138,32652,-21676,24.28
237,2019-01-30,99900,-2.06,565397,-137852,-74090,24.19
238,2019-01-31,99300,-0.6,546040,-148685,-72276,24.1
239,2019-02-01,99600,0.3,388183,-65634,6580,24.11
240,2019-02-07,99000,-0.6,307297,-28018,-34779,24.11
241,2019-02-08,98200,-0.81,314884,-24432,-67572,24.07
242,2019-02-11,95600,-2.65,906796,-166172,-214699,23.88
243,2019-02-12,96000,0.42,599314,-39080,-85893,23.54
244,2019-02-13,98100,2.19,519566,-15490,29317,23.53
245,2019-02-14,100500,2.45,849160,135839,110729,23.94
246,2019-02-15,101500,1.0,653634,85430,61778,23.99
247,2019-02-18,102000,0.49,355745,30172,-10839,23.98
248,2019-02-19,100000,-1.96,231131,-19388,-13965,23.96
249,2019-02-20,99700,-0.3,387109,-64477,-25033,23.91
250,2019-02-21,98900,-0.8,328444,-71120,-10306,23.92
251,2019-02-22,99300,0.4,294247,-192,-40022,23.87
252,2019-02-25,98300,-1.01,370483,-52172,-74292,23.54
253,2019-02-26,103500,5.29,1238902,338082,135297,23.7
254,2019-02-27,105000,1.45,551979,74282,90114,24.1
255,2019-02-28,103500,-1.43,733261,78435,101734,24.22
256,2019-03-04,108500,4.83,853038,228645,44965,24.42
257,2019-03-05,106500,-1.84,472504,-20420,-46873,24.31
258,2019-03-06,105500,-0.94,298220,-6335,3200,24.28
259,2019-03-07,104500,-0.95,330354,-16805,36063,24.32
260,2019-03-08,107500,2.87,792787,45684,29916,24.36
261,2019-03-11,106000,-1.4,276026,22152,-41506,24.18
262,2019-03-12,103500,-2.36,380777,1352,-27084,24.17
263,2019-03-13,104000,0.48,240466,-17879,6503,24.1
264,2019-03-14,106500,2.4,444051,-19467,148656,24.29
265,2019-03-15,107500,0.94,463768,143091,-14808,24.31
266,2019-03-18,107500,0.0,197291,10297,6788,24.31
267,2019-03-19,102500,-4.65,605054,-32646,-129110,24.07
268,2019-03-20,102000,-0.49,492001,-80002,-44371,24.02
269,2019-03-21,102500,0.49,230173,17877,40865,24.08
270,2019-03-22,104000,1.46,239614,16315,51482,24.1
271,2019-03-25,102000,-1.92,171747,-8999,4259,24.31
272,2019-03-26,104000,1.96,257452,42163,-1302,24.29
273,2019-03-27,102500,-1.44,208707,21507,-7578,24.29
274,2019-03-28,102500,0.0,162966,-12751,12091,24.33
275,2019-03-29,103500,0.98,153823,-16090,23318,24.33
276,2019-04-01,103000,-0.48,216132,-5802,-12673,24.32
277,2019-04-02,103500,0.49,227338,-52007,19171,24.2
278,2019-04-03,102500,-0.97,294101,-56588,-17358,24.19
279,2019-04-04,102500,0.0,261063,-45764,-8391,24.25
280,2019-04-05,102500,0.0,132105,-20631,12824,24.34
281,2019-04-08,102000,-0.49,203479,-56347,22011,24.39
282,2019-04-09,100500,-1.47,383038,-97279,-33020,24.36
283,2019-04-10,102500,1.99,263334,22633,30252,24.39
284,2019-04-11,102500,0.0,253796,-37936,38647,24.42
285,2019-04-12,102500,0.0,162349,8571,8174,24.37
286,2019-04-15,110500,7.8,1228969,362689,31498,24.41
287,2019-04-16,117500,6.33,1744272,556515,139768,24.58
288,2019-04-17,117500,0.0,653103,74840,90801,24.72
289,2019-04-18,116500,-0.85,443925,6908,36753,24.77
290,2019-04-19,117000,0.43,329620,31749,22802,24.79
291,2019-04-22,118000,0.85,457505,24664,29574,24.83
292,2019-04-23,116500,-1.27,259471,-21021,39962,24.88
293,2019-04-24,118000,1.29,443136,83697,15581,25.01
294,2019-04-25,116000,-1.69,292233,9317,11772,24.99
295,2019-04-26,115000,-0.86,366725,-14046,64174,25.26
296,2019-04-29,119500,3.91,512703,151758,25473,25.21
297,2019-04-30,120000,0.42,494890,100375,78875,25.34
298,2019-05-02,123000,2.5,742545,110935,58545,25.34
299,2019-05-03,128000,4.07,1098989,96043,324273,25.75
300,2019-05-07,127500,-0.39,664716,-25483,111575,25.75
301,2019-05-08,128500,0.78,700167,124870,24703,25.6
302,2019-05-09,126500,-1.56,1352763,52085,-35579,25.46
303,2019-05-10,130000,2.77,1006921,66020,149122,25.68
304,2019-05-13,128500,-1.15,584824,-27703,106805,25.6
305,2019-05-14,134000,4.28,1360661,174762,108813,25.88
306,2019-05-15,132000,-1.49,1241060,-76871,242610,26.08
307,2019-05-16,133500,1.14,558891,8995,106293,26.1
308,2019-05-17,124500,-6.74,5222004,592705,-938712,25.11
309,2019-05-20,126500,1.61,899474,-944,44777,25.13
310,2019-05-21,125000,-1.19,694961,-166015,117112,25.2
311,2019-05-22,125500,0.4,840648,32264,46737,25.02
312,2019-05-23,124000,-1.2,425136,74335,-3189,24.95
313,2019-05-24,124000,0.0,766145,9192,57927,24.98
314,2019-05-27,122000,-1.61,550142,-4979,-25767,24.95
315,2019-05-28,123000,0.82,565899,83765,-26657,24.92
316,2019-05-29,121500,-1.22,323116,21675,12636,24.93
317,2019-05-30,124500,2.47,460680,119046,-63263,25.02
318,2019-05-31,124500,0.0,325040,-4721,20274,25.05
319,2019-06-03,122500,-1.61,316035,-33082,22360,25.07
320,2019-06-04,119500,-2.45,847685,-12366,80889,25.16
321,2019-06-05,120500,0.84,307665,40796,-26583,25.09
322,2019-06-07,120000,-0.41,537162,-14472,12478,25.07
323,2019-06-10,124000,3.33,506951,79067,8722,25.07
324,2019-06-11,124500,0.4,244302,18753,-23459,24.98
325,2019-06-12,124000,-0.4,212619,-21142,29947,24.96
326,2019-06-13,126500,2.02,747390,39477,56987,25.03
327,2019-06-14,125000,-1.19,357300,47181,-32036,24.99
328,2019-06-17,121500,-2.8,349662,13262,-49678,24.89
329,2019-06-18,121000,-0.41,344107,17209,-23143,24.86
330,2019-06-19,122000,0.83,178919,16222,-8768,24.85
331,2019-06-20,122000,0.0,287954,47659,-31627,25.05
332,2019-06-21,126500,3.69,808423,228400,-21583,25.01
333,2019-06-24,126000,-0.4,306333,94340,-105702,24.89
334,2019-06-25,130500,3.57,956899,107468,5465,24.89
335,2019-06-26,129500,-0.77,516097,77534,-69797,24.87
336,2019-06-27,131500,1.54,704159,62152,28766,24.91
337,2019-06-28,131500,0.0,362354,44859,36990,25.19
338,2019-07-01,129500,-1.52,433735,-58289,28594,25.23
339,2019-07-02,131500,1.54,264488,20529,27774,25.25
340,2019-07-03,131000,-0.38,300667,-13385,65012,25.27
341,2019-07-04,132500,1.15,362634,19751,67393,25.22
342,2019-07-05,133500,0.75,458417,91216,33510,25.25
343,2019-07-08,128000,-4.12,581000,38290,-69653,25.17
344,2019-07-09,131000,2.34,463640,40084,82680,25.27
345,2019-07-10,131000,0.0,312943,12499,6402,25.4
346,2019-07-11,130500,-0.38,525918,8343,31908,25.43
347,2019-07-12,131500,0.77,300566,2603,11378,25.45
348,2019-07-15,133000,1.14,783546,56305,9256,25.45
349,2019-07-16,133000,0.0,323628,8748,6982,25.47
350,2019-07-17,131000,-1.5,328637,-5643,46723,25.52
351,2019-07-18,131500,0.38,170819,-9987,53055,25.58
352,2019-07-19,135000,2.66,656218,-10374,208583,25.75
353,2019-07-22,134000,-0.74,408551,-51716,35312,25.79
354,2019-07-23,136000,1.49,469494,-9377,149494,25.98
355,2019-07-24,136000,0.0,692256,-76178,74360,26.03
356,2019-07-25,131000,-3.68,1295817,-66863,-15848,26.01
357,2019-07-26,131000,0.0,701403,-38812,98770,26.2
358,2019-07-29,129000,-1.53,368682,-29358,106619,26.26
359,2019-07-30,126000,-2.33,467439,-51210,19432,26.39
360,2019-07-31,127000,0.79,294609,25221,46861,26.43
361,2019-08-01,126500,-0.39,249194,24406,12916,26.45
362,2019-08-02,128500,1.58,444403,82620,-25704,26.39
363,2019-08-05,122500,-4.67,597268,71931,10060,26.4
364,2019-08-06,122000,-0.41,714349,43382,40170,26.45
365,2019-08-07,123500,1.23,424495,-14109,67122,26.55
366,2019-08-08,127000,2.83,956084,108563,-67134,26.45
367,2019-08-09,132000,3.94,780515,-12173,193704,26.64
368,2019-08-12,130000,-1.52,265084,-30006,18005,26.69
369,2019-08-13,131500,1.15,361927,11467,54319,26.71
370,2019-08-14,130500,-0.76,338519,38869,-18524,26.68
371,2019-08-16,129500,-0.77,300046,-37319,27710,26.69
372,2019-08-19,130500,0.77,222446,3550,20331,26.72
373,2019-08-20,132000,1.15,369383,19962,30310,26.79
374,2019-08-21,131500,-0.38,284628,-13947,32720,26.83
375,2019-08-22,133000,1.14,597184,-23190,148456,27.0
376,2019-08-23,133000,0.0,414033,-10286,67921,27.04
377,2019-08-26,132500,-0.38,374958,-24368,114958,27.19
378,2019-08-27,134000,1.13,499775,-15306,117257,27.42
379,2019-08-28,133500,-0.37,255507,6611,12891,27.42
380,2019-08-29,133000,-0.37,351957,-26593,84513,27.51
381,2019-08-30,134500,1.13,402408,-16023,104621,27.66
382,2019-09-02,137000,1.86,575791,13965,197751,27.94
383,2019-09-03,137500,0.36,291503,18413,68438,28.02
384,2019-09-04,138500,0.73,431250,13717,57428,28.07
385,2019-09-05,135000,-2.53,598646,-71295,14182,28.08
386,2019-09-06,136000,0.74,191271,-14153,28216,28.07
387,2019-09-09,133000,-2.21,673204,-209006,126235,28.25
388,2019-09-10,135500,1.88,310565,5173,84041,28.33
389,2019-09-11,133000,-1.85,734465,-139555,66946,28.35
390,2019-09-16,132000,-0.75,413424,-41993,-21613,28.31
391,2019-09-17,132000,0.0,326141,-36789,32794,28.36
392,2019-09-18,137000,3.79,684630,-25233,176775,28.59
393,2019-09-19,135500,-1.09,242822,-14292,4506,28.59
394,2019-09-20,135500,0.0,358235,12359,28865,28.63
395,2019-09-23,134500,-0.74,207227,2599,3656,28.67
396,2019-09-24,138000,2.6,466753,30697,139514,28.78
397,2019-09-25,136000,-1.45,301919,5095,11993,28.85
398,2019-09-26,136500,0.37,210766,-36386,17907,28.86
399,2019-09-27,135500,-0.73,168760,-18501,-86,28.8
400,2019-09-30,135500,0.0,202006,5040,13441,28.82
401,2019-10-01,137500,1.48,252319,57162,24273,28.85
402,2019-10-02,135500,-1.45,152309,-24428,27679,28.9
403,2019-10-04,133500,-1.48,238417,-17469,9564,28.91
404,2019-10-07,134500,0.75,344020,-23852,20143,28.92
405,2019-10-08,134500,0.0,224907,19494,-13184,28.88
406,2019-10-10,136500,1.49,694345,9227,100694,29.0
407,2019-10-11,135000,-1.1,238584,24982,-24128,28.97
408,2019-10-14,134500,-0.37,317555,-53847,37651,29.01
409,2019-10-15,134000,-0.37,190243,-23021,792,29.01
410,2019-10-16,132000,-1.49,753513,-49524,7486,29.02
411,2019-10-17,130500,-1.14,618170,-76019,9398,29.03
412,2019-10-18,132500,1.53,332984,14459,90799,29.12
413,2019-10-21,133500,0.75,214102,63806,3857,29.12
414,2019-10-22,136000,1.87,337570,30110,95083,29.23
415,2019-10-23,140000,2.94,1045771,228624,307522,29.59
416,2019-10-24,139500,-0.36,490092,66114,11119,29.6
417,2019-10-25,140000,0.36,196552,5356,35464,29.64
418,2019-10-28,140000,0.0,665988,3141,5674,29.66
419,2019-10-29,139500,-0.36,367213,11489,-17392,29.63
420,2019-10-30,138000,-1.08,251362,-3626,2407,29.63
421,2019-10-31,141500,2.54,726151,212993,46862,29.67
422,2019-11-01,145500,2.83,717046,77653,111511,29.74
423,2019-11-04,146500,0.69,436509,109116,-30822,29.71
424,2019-11-05,148500,1.37,502806,96441,74448,29.8
425,2019-11-06,151000,1.68,516744,36074,105473,29.92
426,2019-11-07,151000,0.0,1222184,23066,-23202,29.9
427,2019-11-08,152000,0.66,900774,-35970,271816,30.22
428,2019-11-11,154000,1.32,509809,-85088,164515,30.42
429,2019-11-12,153500,-0.32,396292,-51492,98765,30.54
430,2019-11-13,153500,0.0,376959,-89842,149779,30.73
431,2019-11-14,154500,0.65,651414,18942,27203,30.76
432,2019-11-15,155500,0.65,281084,46741,41980,30.82
433,2019-11-18,157500,1.29,372362,59722,31263,30.08
434,2019-11-19,156500,-0.63,323233,-60844,72572,30.17
435,2019-11-20,156500,0.0,332676,-15799,56210,30.08
436,2019-11-21,154000,-1.6,666854,-46187,36363,30.11
437,2019-11-22,153000,-0.65,335038,-9589,12665,30.1
438,2019-11-25,156500,2.29,300270,9287,48204,30.16
439,2019-11-26,157500,0.64,361401,10939,28805,30.19
440,2019-11-27,157500,0.0,294619,-3963,47092,30.25
441,2019-11-28,157000,-0.32,218221,19717,5640,30.24
442,2019-11-29,155500,-0.96,471253,-98780,60080,30.31
443,2019-12-02,156500,0.64,250192,11813,33910,30.34
444,2019-12-03,157000,0.32,235453,667,19740,30.35
445,2019-12-04,156000,-0.64,233141,-20696,25890,30.37
446,2019-12-05,149500,-4.17,841460,-49478,22666,30.32
447,2019-12-06,153500,2.68,415390,61408,49960,30.36
448,2019-12-09,151500,-1.3,267330,-54839,13298,30.33
449,2019-12-10,149500,-1.32,516074,-32522,34082,30.36
450,2019-12-11,150000,0.33,480071,-132656,120122,30.47
451,2019-12-12,149500,-0.33,710378,-66849,1216,30.4
452,2019-12-13,151000,1.0,456822,-27144,27245,30.41
453,2019-12-16,151500,0.33,297095,1766,2417,30.35
454,2019-12-17,150500,-0.66,275832,-19638,-21998,30.27
455,2019-12-18,151000,0.33,252752,-12043,32717,30.28
456,2019-12-19,150000,-0.66,175849,1641,9224,30.29
457,2019-12-20,150000,0.0,545445,-7861,26089,30.26
458,2019-12-23,148500,-1.0,283403,-34551,-8094,30.22
459,2019-12-24,146500,-1.35,367817,-18335,45733,30.23
460,2019-12-26,148000,1.02,320921,40380,69568,30.04
461,2019-12-27,153500,3.72,690548,12209,137940,30.2
462,2019-12-30,153500,0.0,428587,47914,-55784,30.14
463,2020-01-02,152500,-0.65,241047,-70717,20572,30.21
464,2020-01-03,152500,0.0,314848,-24583,23806,30.24
465,2020-01-06,154500,1.31,393715,80027,74554,30.4
466,2020-01-07,160000,3.56,840186,182960,179764,30.61
467,2020-01-08,159500,-0.31,851619,126703,43472,30.73
468,2020-01-09,164000,2.82,878319,25819,18286,30.8
469,2020-01-10,165000,0.61,401906,-36797,79141,30.89
470,2020-01-13,167000,1.21,475667,-81098,110029,31.01
471,2020-01-14,167000,0.0,423286,-42523,69578,31.13
472,2020-01-15,170000,1.8,462119,11820,80681,31.24
473,2020-01-16,171500,0.88,260049,-2279,11997,31.26
474,2020-01-17,168500,-1.75,354724,-12296,-34581,31.17
475,2020-01-20,168500,0.0,380510,-76860,70856,31.27
476,2020-01-21,165000,-2.08,389155,-58411,38058,31.41
477,2020-01-22,166000,0.61,504350,9350,-91664,31.31
478,2020-01-23,165500,-0.3,323420,-45815,-6770,31.28
479,2020-01-28,162500,-1.81,513228,31105,34150,31.35
480,2020-01-29,163500,0.62,255167,-21113,-22434,31.36
481,2020-01-30,162000,-0.92,418908,33897,-2136,31.47
482,2020-01-31,159000,-1.85,346067,43709,-46818,31.41
483,2020-02-03,159500,0.31,423907,25077,20702,31.33
484,2020-02-04,164500,3.13,394773,-20547,40951,31.34
485,2020-02-05,163000,-0.91,456954,-49803,-77340,31.22
486,2020-02-06,166000,1.84,552044,84998,-44372,31.14
487,2020-02-07,167500,0.9,522100,643,-17027,31.12
488,2020-02-10,169000,0.9,375209,45083,-20305,31.1
489,2020-02-11,170000,0.59,307120,24188,8733,31.11
490,2020-02-12,172000,1.18,407917,57173,12444,31.14
491,2020-02-13,179000,4.07,1877980,-39426,484850,31.7
492,2020-02-14,180000,0.56,948085,5002,-32750,31.66
493,2020-02-17,180500,0.28,329408,4821,-6939,31.65
494,2020-02-18,182000,0.83,587253,-115876,156260,31.83
495,2020-02-19,190000,4.4,1362998,23980,226339,32.1
496,2020-02-20,190500,0.26,547405,49380,-14976,32.04
497,2020-02-21,189500,-0.52,558497,-80643,120417,32.18
498,2020-02-24,183500,-3.17,792733,26009,-12320,32.17
499,2020-02-25,185500,1.09,596763,8738,35240,32.31
500,2020-02-26,184000,-0.81,516378,-10176,28689,32.24
501,2020-02-27,178500,-2.99,785062,-62935,70714,32.28
502,2020-02-28,172000,-3.64,1022917,21781,101498,32.42
503,2020-03-02,175000,1.74,793495,-7595,-51591,32.36
504,2020-03-03,175000,0.0,629017,-43828,-69635,32.28
505,2020-03-04,179500,2.57,709188,-25003,72673,32.37
506,2020-03-05,179500,0.0,821744,-71756,-197315,32.14
507,2020-03-06,175500,-2.23,568424,-76940,-2861,32.18
508,2020-03-09,167500,-4.56,805638,-18569,-112485,32.06
509,2020-03-10,173000,3.28,950875,200052,8543,32.05
510,2020-03-11,169000,-2.31,550227,-29361,-31640,32.01
511,2020-03-12,161000,-4.73,1218070,44366,-85004,31.86
512,2020-03-13,159000,-1.24,1601985,170824,-81706,31.76
513,2020-03-16,147500,-7.23,1252484,-12164,-317593,31.43
514,2020-03-17,147500,0.0,1221046,92817,-119021,31.2
515,2020-03-18,141000,-4.41,1107527,21487,-81527,31.2
516,2020-03-19,134000,-4.96,2157141,86451,-80827,31.16
517,2020-03-20,149500,11.57,1765756,45951,95514,31.28
518,2020-03-23,143500,-4.01,1569378,4696,-198812,31.07
519,2020-03-24,154500,7.67,1271387,61139,7249,31.16
520,2020-03-25,154500,0.0,1290376,-162414,-103292,31.01
521,2020-03-26,150500,-2.59,893688,-85998,-91800,30.87
522,2020-03-27,152500,1.33,958988,18466,-8534,30.97
523,2020-03-30,153000,0.33,668254,40188,-565,31.05
524,2020-03-31,155500,1.63,1042474,12388,-12565,31.07
525,2020-04-01,150500,-3.22,794295,-92002,-127995,30.67
526,2020-04-02,157000,4.32,1043790,147192,33489,30.71
527,2020-04-03,157500,0.32,545749,2654,-19342,30.7
528,2020-04-06,160500,1.9,807805,149408,-110736,30.57
529,2020-04-07,160000,-0.31,920798,62828,-204385,30.34
530,2020-04-08,158000,-1.25,738303,-27183,-108165,30.23
531,2020-04-09,158000,0.0,726920,-170075,85380,30.3
532,2020-04-10,161000,1.9,753323,-61539,95025,30.41
533,2020-04-13,157500,-2.17,470251,-55097,-57007,30.38
534,2020-04-14,159500,1.27,430759,38641,-2037,30.34
535,2020-04-16,165500,3.76,1005533,99844,36505,30.4
536,2020-04-17,172000,3.93,947794,17904,45592,30.33
537,2020-04-20,175000,1.74,859303,-48380,41765,30.4
538,2020-04-21,175500,0.29,1232126,47563,76588,30.5
539,2020-04-22,177000,0.85,686146,23997,-19191,30.34
540,2020-04-23,185500,4.8,1509799,109906,204019,30.57
541,2020-04-24,183000,-1.35,1073684,8127,-123303,30.55
542,2020-04-27,184000,0.55,721963,19641,-57779,30.51
543,2020-04-28,185000,0.54,668638,-71338,45988,30.63
544,2020-04-29,184000,-0.54,659512,-102982,-16250,30.63
545,2020-05-04,186500,1.36,1019409,-13003,117325,30.73
546,2020-05-06,199500,6.97,2035947,282346,109836,30.8
547,2020-05-07,206000,3.26,2629709,-74138,320991,31.13
548,2020-05-08,206000,0.0,1405404,-98764,147862,31.3
549,2020-05-11,207500,0.73,1048413,-117848,58911,31.32
550,2020-05-12,214500,3.37,1563095,-122679,176503,31.55
551,2020-05-13,216500,0.93,1113608,-127062,78110,31.62
552,2020-05-14,225000,3.93,1459813,-99849,120557,31.76
553,2020-05-15,221500,-1.56,1524083,-78834,-122244,31.61
554,2020-05-18,221000,-0.23,744533,-45382,-8291,31.61
555,2020-05-19,220000,-0.45,1308903,-179067,105302,31.79
556,2020-05-20,231500,5.23,1773960,130245,-11388,31.78
557,2020-05-21,237500,2.59,1408737,-87947,-113392,31.64
558,2020-05-22,247000,4.0,1887064,-148615,78120,31.73
559,2020-05-25,268000,8.5,2653776,-351982,5627,31.73
560,2020-05-26,270000,0.75,3274293,-381221,-13737,31.69
561,2020-05-27,260500,-3.52,2015974,-275948,-5524,31.62
562,2020-05-28,267000,2.5,2495048,-90385,22972,31.61
563,2020-05-29,263500,-1.31,1645822,-77608,-142796,31.45
564,2020-06-01,264000,0.19,1083698,-72648,-47383,31.39
565,2020-06-02,259500,-1.7,978846,-140150,-7980,31.38
566,2020-06-03,249500,-3.85,2302391,-473193,-21005,31.36
567,2020-06-04,254000,1.8,1228950,-56135,128221,31.5
568,2020-06-05,251000,-1.18,1007264,-32160,-102862,31.38
569,2020-06-08,256500,2.19,1417078,54389,2227,31.39
570,2020-06-09,254500,-0.78,834862,8047,-60477,31.32
571,2020-06-10,262000,2.95,1575452,320940,41440,33.23
572,2020-06-11,265000,1.15,1724551,316888,-140412,32.95
573,2020-06-12,266000,0.38,1688975,228514,-6695,32.95
574,2020-06-15,252500,-5.08,1549230,-28923,-36604,32.92
575,2020-06-16,263000,4.16,915456,60710,59930,32.99
576,2020-06-17,263000,0.0,1162204,-69567,9122,33.0
577,2020-06-18,263500,0.19,981144,24009,137573,33.16
578,2020-06-19,263500,0.0,920126,-62020,2340,33.18
579,2020-06-22,274000,3.98,2008656,16868,280690,33.53
580,2020-06-23,281500,2.74,2166267,-14832,-45650,33.47
581,2020-06-24,282500,0.36,1081233,-50514,-13356,33.45
582,2020-06-25,274500,-2.83,900258,-101875,-86886,33.27
583,2020-06-26,274500,0.0,812726,-22296,19584,33.3
584,2020-06-29,267500,-2.55,778818,-73700,61111,33.43
585,2020-06-30,267500,0.0,624089,5258,-15028,33.4
586,2020-07-01,269500,0.75,578023,-12765,67464,33.44
587,2020-07-02,285500,5.94,1378545,150671,232358,33.73
588,2020-07-03,294000,2.98,1604493,14799,122310,33.87
589,2020-07-06,300500,2.21,1344851,2288,-88023,33.74
590,2020-07-07,310500,3.33,1552820,-139603,193471,33.96
591,2020-07-08,328000,5.64,1869663,-95816,142348,34.13
592,2020-07-09,355500,8.38,2463503,-226899,-26845,34.08
593,2020-07-10,355500,0.0,2566935,-129520,-330240,33.77
594,2020-07-13,352000,-0.98,1391744,-11213,-152265,33.58
595,2020-07-14,343000,-2.56,1212519,-120931,-8193,33.58
596,2020-07-15,337500,-1.6,1487417,-103353,-64776,33.5
597,2020-07-16,322000,-4.59,1941508,-195682,27465,33.53
598,2020-07-17,325000,0.93,1268587,-35296,-63186,33.46
599,2020-07-20,310000,-4.62,1525824,-125201,-244154,33.18
